{"cookingtime": 100, "experience": 0.1, "ingredient": [{"item": "minecraft:golden_pickaxe"}, {"item": "minecraft:golden_shovel"}, {"item": "minecraft:golden_axe"}, {"item": "minecraft:golden_hoe"}, {"item": "minecraft:golden_sword"}, {"item": "minecraft:golden_helmet"}, {"item": "minecraft:golden_chestplate"}, {"item": "minecraft:golden_leggings"}, {"item": "minecraft:golden_boots"}, {"item": "minecraft:golden_horse_armor"}], "result": {"count": 8, "item": "minecraft:red_nether_brick_slab"}, "type": "minecraft:blasting"}